Ref,Val,Package,PosX,PosY,Rot,Side
"D21","SK6812-MINI-E","SK8612-MINI-E",55.880000,-121.856000,90.000000,top
"D22","SK6812-MINI-E","SK8612-MINI-E",113.221000,-121.603000,90.000000,top
"D23","SK6812-MINI-E","SK8612-MINI-E",227.432000,-121.818000,90.000000,top
"D24","SK6812-MINI-E","SK8612-MINI-E",284.543000,-121.603000,90.000000,top
"F.Silk Logo","LOGO","Front3",174.701200,-81.076800,0.000000,top
